{
    "loss": 0.021954717114567757,
    "accuracy": 0.9901960492134094
}