{
    "loss": 34.6509895324707,
    "accuracy": 0.4313725531101227
}